altura;categoria;descricao;evoluide;habilidade;nome;sexo
0,7 m;Cocoon;The shell covering this Pokémon's body is as hard as an iron slab. Metapod does not move very much. It stays still because it is preparing its soft innards for evolution inside the hard shell.;Caterpie;Shed Skin;Metapod;Ambos
1,1 m;Buttlerfly;Butterfree has a superior ability to search for delicious honey from flowers. It can even search out, extract, and carry honey from flowers that are blooming over six miles from its nest.;Metapod;Compound Eyes;ButterFree;Ambos
0,3 m;Hairy Bug;Weedle has an extremely acute sense of smell. It is capable of distinguishing its favorite kinds of leaves from those it dislikes just by sniffing with its big red proboscis (nose).;;Shield Dust;Weedle;Ambos
0,6 m;Cocoon;Kakuna remains virtually immobile as it clings to a tree. However, on the inside, it is extremely busy as it prepares for its coming evolution. This is evident from how hot the shell becomes to the touch.;Weedle;Shed Skin;Kakuna;Ambos
1,0 m;Posion Bee;Beedrill is extremely territorial. No one should ever approach its nest—this is for their own safety. If angered, they will attack in a furious swarm.;Kakuna;Swarm;Beedrill;Ambos
1,6 m;Hermit Crab;Slowbro's tail has a Shellder firmly attached with a bite. As a result, the tail can't be used for fishing anymore. This causes Slowbro to grudgingly swim and catch prey instead.;Slowpoke;Oblivious, Own Tempo;Slowbro;Ambos
0,3 m;Magnet;Magnemite attaches itself to power lines to feed on electricity. If your house has a power outage, check your circuit breakers. You may find a large number of this Pokémon clinging to the breaker box.;;Sturdy, Magnet Pull;Magnemite;Desconhecido 
1,0 m;Magnet;Magneton emits a powerful magnetic force that is fatal to mechanical devices. As a result, large cities sound sirens to warn citizens of large-scale outbreaks of this Pokémon.;Magnemite;Sturdy, Magnet Pull;Magneton;Desconhecido 
0,8 m;Wild Duck;Farfetch'd is always seen with a stalk from a plant of some sort. Apparently, there are good stalks and bad stalks. This Pokémon has been known to fight with others over stalks.;;Keen Eye, Inner Focus;Farfetch'd;Ambos
1,4 m;Twin Bird;Doduo's two heads never sleep at the same time. Its two heads take turns sleeping, so one head can always keep watch for enemies while the other one sleeps.;;Run Away, Early Bird;Doduo;Ambos
0,8 m;Bat;Zubat remains quietly unmoving in a dark spot during the bright daylight hours. It does so because prolonged exposure to the sun causes its body to become slightly burned.;;Inner Focus;Zubat ;Ambos
1,6 m;Bat;Golbat loves to drink the blood of living things. It is particularly active in the pitch black of night. This Pokémon flits around in the night skies, seeking fresh blood.;Zubat;Inner Focus;Golbat ;Ambos
0,5 m;Weed;During the daytime, Oddish buries itself in soil to absorb nutrients from the ground using its entire body. The more fertile the soil, the glossier its leaves become.;;Chlorophyll;Oddish ;Ambos
0,8 m;Weed;Gloom releases a foul fragrance from the pistil of its flower. When faced with danger, the stench worsens. If this Pokémon is feeling calm and secure, it does not release its usual stinky aroma.;Oddish ;Chlorophyll;Gloom ;Ambos
1,2 m;Flower;Vileplume's toxic pollen triggers atrocious allergy attacks. That's why it is advisable never to approach any attractive flowers in a jungle, however pretty they may be.;Gloom ;Chlorophyll;Vileplume ;Ambos
0,7 m;Mole;Dugtrio are actually triplets that emerged from one body. As a result, each triplet thinks exactly like the other two triplets. They work cooperatively to burrow endlessly.;Diglett;Sand Veil, Arena Trap;Dugtrio;Ambos
0,4 m;Scratch Cat;Meowth withdraws its sharp claws into its paws to slinkily sneak about without making any incriminating footsteps. For some reason, this Pokémon loves shiny coins that glitter with light.;;Pickup, Technician;Meowth;Ambos
1,0 m;Classy Cat;Persian has six bold whiskers that give it a look of toughness. The whiskers sense air movements to determine what is in the Pokémon's surrounding vicinity. It becomes docile if grabbed by the whiskers.;Meowth;Technician, Limber;Persian;Ambos
0,8 m;Duck;Psyduck uses a mysterious power. When it does so, this Pokémon generates brain waves that are supposedly only seen in sleepers. This discovery spurred controversy among scholars.;;Damp, Cloud Nine;Psyduck;Ambos
1,7 m;Duck;The webbed flippers on its forelegs and hind legs and the streamlined body of Golduck give it frightening speed. This Pokémon is definitely much faster than even the most athletic swimmer.;Psyduck;Damp, Cloud Nine;Golduck;Ambos
1,3 m;Drill;Nidoqueen's body is encased in extremely hard scales. It is adept at sending foes flying with harsh tackles. This Pokémon is at its strongest when it is defending its young.;Nidorina;Poison Point, Rivalry;Nidoqueen;Femea
0,5 m;Poison Pin;Nidoran? has developed muscles for moving its ears. Thanks to them, the ears can be freely moved in any direction. Even the slightest sound does not escape this Pokémon's notice.;;Poison Point, Rivalry;Nidoran;Macho
0,9 m;Poison Pin;Nidorino has a horn that is harder than a diamond. If it senses a hostile presence, all the barbs on its back bristle up at once, and it challenges the foe with all its might.;Nidoran;Poison Point, Rivalry;Nidorino;Macho
1,4 m;Drill;Nidoking's thick tail packs enormously destructive power. With one swing, it can topple a metal transmission tower. Once this Pokémon goes on a rampage, there is no stopping it.;Nidorino;Poison Point, Rivalry;Nidoking;Macho
0,6 m;Fairy;On every night of a full moon, groups of this Pokémon come out to play. When dawn arrives, the tired Clefairy return to their quiet mountain retreats and go to sleep nestled up against each other.;Cleffa;Cute Charm, Magic Guard;Clefairy;Ambos
1,0 m;Tadpole;The surface of Poliwhirl's body is always wet and slick with a slimy fluid. Because of this slippery covering, it can easily slip and slide out of the clutches of any enemy in battle.;Poliwag;Damp, Water Absorb;Poliwhirl;Ambos
1,3 m;Tadpole;Poliwrath's highly developed, brawny muscles never grow fatigued, however much it exercises. It is so tirelessly strong, this Pokémon can swim back and forth across the ocean without effort.;Poliwhirl;Damp, Water Absorb;Poliwrath;Ambos
0,9 m;Psi;Abra sleeps for eighteen hours a day. However, it can sense the presence of foes even while it is sleeping. In such a situation, this Pokémon immediately teleports to safety.;;Inner Focus, Synchronize;Abra;Ambos
1,3 m;Psi;Kadabra emits a peculiar alpha wave if it develops a headache. Only those people with a particularly strong psyche can hope to become a Trainer of this Pokémon.;Abra;Inner Focus, Synchronize;Kadabra;Ambos
1,5 m;Psi;Alakazam's brain continually grows, making its head far too heavy to support with its neck. This Pokémon holds its head up using its psychokinetic power instead.;Kadabra;Inner Focus, Synchronize;Alakazam;Ambos
1,5 m;Bivalve;Cloyster is capable of swimming in the sea. It does so by swallowing water, then jetting it out toward the rear. This Pokémon shoots spikes from its shell using the same system.;Shellder;Shell Armor, Skill Link;Cloyster;Ambos
1,3 m;Gas;Gastly is largely composed of gaseous matter. When exposed to a strong wind, the gaseous body quickly dwindles away. Groups of this Pokémon cluster under the eaves of houses to escape the ravages of wind.;;Levitate;Gastly;Ambos
1,6 m;Gas;Haunter is a dangerous Pokémon. If one beckons you while floating in darkness, you must never approach it. This Pokémon will try to lick you with its tongue and steal your life away.;Gastly;Levitate;Haunter;Ambos
1,5 m;Shadow;Sometimes, on a dark night, your shadow thrown by a streetlight will suddenly and startlingly overtake you. It is actually a Gengar running past you, pretending to be your shadow.;Haunter;Levitate;Gengar;Ambos
8,8 m;Rock Snake;Onix has a magnet in its brain. It acts as a compass so that this Pokémon does not lose direction while it is tunneling. As it grows older, its body becomes increasingly rounder and smoother.;;Rock Head, Sturdy;Onix;Ambos
2,0 m;Flame;Moltres is a legendary bird Pokémon that has the ability to control fire. If this Pokémon is injured, it is said to dip its body in the molten magma of a volcano to burn and heal itself.;;Pressure;Moltres;Desconhecido
1,8 m;Dragon;Dratini continually molts and sloughs off its old skin. It does so because the life energy within its body steadily builds to reach uncontrollable levels.;;Shed Skin;Dratini;Ambos
4,0 m;Dragon;Dragonair stores an enormous amount of energy inside its body. It is said to alter weather conditions in its vicinity by discharging energy from the crystals on its neck and tail.;Dratini;Shed Skin;Dragonair;Ambos
2,2 m;Dragon;Dragonite is capable of circling the globe in just 16 hours. It is a kindhearted Pokémon that leads lost and foundering ships in a storm to the safety of land.;Dragonair;Inner Focus;Dragonite;Ambos
2,0 m;Genetic;Mewtwo is a Pokémon that was created by genetic manipulation. However, even though the scientific power of humans created this Pokémon's body, they failed to endow Mewtwo with a compassionate heart.;;Pressure;Mewtwo;Desconhecido
0,4 m;New Species;Mew is said to possess the genetic composition of all Pokémon. It is capable of making itself invisible at will, so it entirely avoids notice even if it approaches people.;;Synchronize;Mew;Desconhecido
0,3 m;Mushroom;Paras has parasitic mushrooms growing on its back called tochukaso. They grow large by drawing nutrients from this Bug Pokémon host. They are highly valued as a medicine for extending life.;;Effect Spore, Dry Skin;Paras;Ambos
1,0 m;Mushroom;Parasect is known to infest large trees en masse and drain nutrients from the lower trunk and roots. When an infested tree dies, they move onto another tree all at once.;Paras;Effect Spore, Dry Skin;Parasect;Ambos
1,0 m;Insect;enonat is said to have evolved with a coat of thin, stiff hair that covers its entire body for protection. It possesses large eyes that never fail to spot even minuscule prey.;;Compound Eyes, Tinted Lens;Venonat;Ambos
1,5 m;Poison Moth;Venomoth is nocturnal—it is a Pokémon that only becomes active at night. Its favorite prey are small insects that gather around streetlights, attracted by the light in the darkness.;Venonat;Shield Dust, Tinted Lens;Venomoth;Ambos
0,2 m;Mole;Diglett are raised in most farms. The reason is simple— wherever this Pokémon burrows, the soil is left perfectly tilled for planting crops. This soil is made ideal for growing delicious vegetables.;;Sand Veil, Arena Trap;Diglett;Ambos
0,3 m;Tiny Bird;Pidgey has an extremely sharp sense of direction. It is capable of unerringly returning home to its nest, however far it may be removed from its familiar surroundings.;;Keen Eye, Tangled feet;Pidgey ;Ambos
1,1 m ;Bird;Pidgeotto claims a large area as its own territory. This Pokémon flies around, patrolling its living space. If its territory is violated, it shows no mercy in thoroughly punishing the foe with its sharp claws.;Pidgey;Keen Eye, Tangled feet;Pigeotto;Ambos
1,5 m ;Bird;This Pokémon has a dazzling plumage of beautifully glossy feathers. Many Trainers are captivated by the striking beauty of the feathers on its head, compelling them to choose Pidgeot as their Pokémon.;Pigeotto;Keen Eye, Tangled feet;Pidgeot;Ambos
0,3 m ;Mouse;Rattata is cautious in the extreme. Even while it is asleep, it constantly listens by moving its ears around. It is not picky about where it lives—it will make its nest anywhere.;;Run Away, Guts;Rattata;Ambos
0,7 m;Mouse;Raticate's sturdy fangs grow steadily. To keep them ground down, it gnaws on rocks and logs. It may even chew on the walls of houses.;Rattata;Run Away, Guts;Raticate;Ambos
1,3 m;Shellfish;Kabutops swam underwater to hunt for its prey in ancient times. The Pokémon was apparently evolving from being a water dweller to living on land as evident from the beginnings of change in its gills and legs.;Kabuto;Swift Swim, Battle Armor;Kabutops;Ambos
1,8 m;Fossil;Aerodactyl is a Pokémon from the age of dinosaurs. It was regenerated from genetic material extracted from amber. It is imagined to have been the king of the skies in ancient times.;;Pressure, Rock Head;Aerodactyl;Ambos
2,1 m;Sleeping;Snorlax's typical day consists of nothing more than eating and sleeping. It is such a docile Pokémon that there are children who use its expansive belly as a place to play.;Munchlax;Thick Fat, Immunity;Snorlax;Ambos
1,7 m;Freeze;Articuno is a legendary bird Pokémon that can control ice. The flapping of its wings chills the air. As a result, it is said that when this Pokémon flies, snow will fall.;;Pressure;Articuno;Desconhecido
1,6 m;Electric;Zapdos is a legendary bird Pokémon that has the ability to control electricity. It usually lives in thunderclouds. The Pokémon gains power if it is stricken by lightning bolts.;;Pressure;Zapdos;Desconhecido
1,3 m;Fairy;Clefable moves by skipping lightly as if it were flying using its wings. Its bouncy step lets it even walk on water. It is known to take strolls on lakes on quiet, moonlit nights.;Clefairy;Cute Charm, Magic Guard;Clefable;Ambos
0,6 m;Fox;At the time of its birth, Vulpix has one white tail. The tail separates into six if this Pokémon receives plenty of love from its Trainer. The six tails become magnificently curled.;;Flash Fire;Vulpix;Ambos
1,1 m;Fox;Ninetales casts a sinister light from its bright red eyes to gain total control over its foe's mind. This Pokémon is said to live for a thousand years.;Vulpix;Flash Fire;Ninetales;Ambos
0,5 m;Balloon;Jigglypuff's vocal cords can freely adjust the wavelength of its voice. This Pokémon uses this ability to sing at precisely the right wavelength to make its foes most drowsy.;Igglybuff;Cute Charm, Competitive;Jigglypuff;Ambos
1,0 m;Balloon;Wigglytuff has large, saucerlike eyes. The surfaces of its eyes are always covered with a thin layer of tears. If any dust gets in this Pokémon's eyes, it is quickly washed away.;Jigglypuff;Cute Charm, Competitive;Wigglytuff;Ambos
1,1 m;Electric;When a storm arrives, gangs of this Pokémon compete with each other to scale heights that are likely to be stricken by lightning bolts. Some towns use Electabuzz in place of lightning rods.;;Static;Electabuzz;Ambos
1,3 m;Spitfire;In battle, Magmar blows out intensely hot flames from all over its body to intimidate its opponent. This Pokémon's fiery bursts create heat waves that ignite grass and trees in its surroundings.;;Flame Body;Magmar;Ambos
1,5 m;Stag Beetle;Pinsir is astoundingly strong. It can grip a foe weighing twice its weight in its horns and easily lift it. This Pokémon's movements turn sluggish in cold places.;;Hyper Cutter;Pinsir;Ambos
1,4 m;Wild Bull;This Pokémon is not satisfied unless it is rampaging at all times. If there is no opponent for Tauros to battle, it will charge at thick trees and knock them down to calm itself.;;Intimidate, Anger Point;Tauros;Masculino
0,9 m;Fish;Magikarp is a pathetic excuse for a Pokémon that is only capable of flopping and splashing. This behavior prompted scientists to undertake research into it.;;Swift Swim;Magikarp;Ambos
0,8 m;Mouse;If the electrical sacs become excessively charged, Raichu plants its tail in the ground and discharges. Scorched patches of ground will be found near this Pokémon's nest.;Pikachu;Static;Raichu;Ambos
0,6 m;Mouse;Sandshrew's body is configured to absorb water without waste, enabling it to survive in an arid desert. This Pokémon curls up to protect itself from its enemies.;;Sand Veil;Sandshrew;Ambos
1,0 m;Mouse;Sandslash's body is covered by tough spikes, which are hardened sections of its hide. Once a year, the old spikes fall out, to be replaced with new spikes that grow out from beneath the old ones.;Sandshrew;Sand Veil;Sandslash;Ambos
0,4 m;Poison Pin;Nidoran? has barbs that secrete a powerful poison. They are thought to have developed as protection for this small-bodied Pokémon. When enraged, it releases a horrible toxin from its horn.;;Poison Point, Rivalry;Nidoran;Femea
0,8 m;Poinson Pin;When Nidorina are with their friends or family, they keep their barbs tucked away to prevent hurting each other. This Pokémon appears to become nervous if separated from the others.;Nidoran;Poison Point, Rivalry;Nidorina;Femea
;Pig Monkey;When Mankey starts shaking and its nasal breathing turns rough, it's a sure sign that it is becoming angry. However, because it goes into a towering rage almost instantly, it is impossible for anyone to flee its wrath;;Vital Spirit;Mankey;Ambos
1,0m;Pig Monkey;When Primeape becomes furious, its blood circulation is boosted. In turn, its muscles are made even stronger. However, it also becomes much less intelligent at the same time.;Mankey;Vital Spirit;Primeape;Ambos
0,7 m;Puppy;Growlithe has a superb sense of smell. Once it smells anything, this Pokémon won't forget the scent, no matter what. It uses its advanced olfactory sense to determine the emotions of other living things.;;Intimidate;Growlithe;Ambos
1,9 m;Legendary;Arcanine is known for its high speed. It is said to be capable of running over 6,200 miles in a single day and night. The fire that blazes wildly within this Pokémon's body is its source of power.;Growlithe;Intimidate;Arcanine ;Ambos
0,6 m;Tadpole;Poliwag has a very thin skin. It is possible to see the Pokémon's spiral innards right through the skin. Despite its thinness, however, the skin is also very flexible. Even sharp fangs bounce right off it.;;Damp, Water Absorb;Poliwag ;Ambos
0,8 m;Superpower;Machop's muscles are special—they never get sore no matter how much they are used in exercise. This Pokémon has sufficient power to hurl a hundred adult humans.;;Guts, No Guard;Machop;Ambos
1,5 m;Superpower;Machoke's thoroughly toned muscles possess the hardness of steel. This Pokémon has so much strength, it can easily hold aloft a sumo wrestler on just one finger.;Machop;Guts, No Guard;Machoke ;Ambos
1,6 m;Superpower;Machamp has the power to hurl anything aside. However, trying to do any work requiring care and dexterity causes its arms to get tangled. This Pokémon tends to leap into action before it thinks.;Machoke;Guts, No Guard;Machamp ;Ambos
0,7 m;Flower;Bellsprout's thin and flexible body lets it bend and sway to avoid any attack, however strong it may be. From its mouth, this Pokémon spits a corrosive fluid that melts even iron.;;Clorophyll;Bellsprout ;Ambos
1,0 m;Rock;Graveler grows by feeding on rocks. Apparently, it prefers to eat rocks that are covered in moss. This Pokémon eats its way through a ton of rocks on a daily basis.;Geodude;Rock Head, Sturdy;Graveler ;Ambos
1,4 m;Megaton;Golem live up on mountains. If there is a large earthquake, these Pokémon will come rolling down off the mountains en masse to the foothills below.;Graveler;Rock Head, Sturdy;Golem ;Ambos
1,0 m;Fire Horse;Ponyta is very weak at birth. It can barely stand up. This Pokémon becomes stronger by stumbling and falling to keep up with its parent.;;Run Away, Flash Fire;Ponyta ;Ambos
1,7 m;Fire Horse;Rapidash usually can be seen casually cantering in the fields and plains. However, when this Pokémon turns serious, its fiery manes flare and blaze as it gallops its way up to 150 mph.;Ponyta;Run Away, Flash Fire;Rapidash;Ambos
1,2 m;Dopey;Slowpoke uses its tail to catch prey by dipping it in water at the side of a river. However, this Pokémon often forgets what it's doing and often spends entire days just loafing at water's edge.;;Oblivious, Own Tempo;Slowpoke;Ambos
1,2 m;Ball;Electrode eats electricity in the atmosphere. On days when lightning strikes, you can see this Pokémon exploding all over the place from eating too much electricity.;Voltorb;Static, Soundproof;Electrode;Desconhecido
0,4 m;Egg;This Pokémon consists of six eggs that form a closely knit cluster. The six eggs attract each other and spin around. When cracks increasingly appear on the eggs, Exeggcute is close to evolution.;;Chlorophyll;Exeggcute;Ambos
2,0 m;Coconut;Exeggutor originally came from the tropics. Its heads steadily grow larger from exposure to strong sunlight. It is said that when the heads fall off, they group together to form Exeggcute.;Exeggcute;Chlorophyll;Exeggutor;Ambos
0,4 m;Lonely;Cubone pines for the mother it will never see again. Seeing a likeness of its mother in the full moon, it cries. The stains on the skull the Pokémon wears are made by the tears it sheds.;;Rock Head, Lightning Rod;Cubone;Ambos
1,0 m;Bone Keeper;Marowak is the evolved form of a Cubone that has overcome its sadness at the loss of its mother and grown tough. This Pokémon's tempered and hardened spirit is not easily broken.;Cubone;Rock Head, Lightning Rod;Marowak;Ambos
1,5 m;Kicking;Hitmonlee's legs freely contract and stretch. Using these springlike legs, it bowls over foes with devastating kicks. After battle, it rubs down its legs and loosens the muscles to overcome fatigue.;;Limber, Reckless;Hitmonlee;Macho
1,4 m;Punching;Hitmonchan is said to possess the spirit of a boxer who had been working toward a world championship. This Pokémon has an indomitable spirit and will never give up in the face of adversity.;;Keen Eye, Iron Fist;Hitmonchan;Macho
1,2 m;Licking;Whenever Lickitung comes across something new, it will unfailingly give it a lick. It does so because it memorizes things by texture and by taste. It is somewhat put off by sour things.;;Oblivious, Own Tempo;Lickitung;Ambos
0,6 m;Poison Gas;If Koffing becomes agitated, it raises the toxicity of its internal gases and jets them out from all over its body. This Pokémon may also overinflate its round body, then explode.;;Levitate;Koffing;Ambos
1,2 m;Poison Gas;Weezing loves the gases given off by rotted kitchen garbage. This Pokémon will find a dirty, unkempt house and make it its home. At night, when the people in the house are asleep, it will go through the trash.;Koffing;Levitate;Weezing;Ambos
1,0 m;Spikes;Rhyhorn runs in a straight line, smashing everything in its path. It is not bothered even if it rushes headlong into a block of steel. This Pokémon may feel some pain from the collision the next day, however.;;Rock Head, Lightning Rod;Rhyhorn ;Ambos
1,9 m;Drill;Rhydon's horn can crush even uncut diamonds. One sweeping blow of its tail can topple a building. This Pokémon's hide is extremely tough. Even direct cannon hits don't leave a scratch.;Rhyhorn;Rock Head, Lightning Rod;Rhydon;Ambos
1,1 m;Egg;Chansey lays nutritionally excellent eggs on an everyday basis. The eggs are so delicious, they are easily and eagerly devoured by even those people who have lost their appetite.;;Natural Cure, Serene Grace;Chansey ;Femea
1,0 m;Vine;Tangela's vines snap off easily if they are grabbed. This happens without pain, allowing it to make a quick getaway. The lost vines are replaced by newly grown vines the very next day.;;Clorophyll;Tangela ;Ambos
0,8 m;Lightning;Jolteon's cells generate a low level of electricity. This power is amplified by the static electricity of its fur, enabling the Pokémon to drop thunderbolts. The bristling fur is made of electrically charged needles.;Eeve;Volt Absorb;Jolteon ;Ambos
0,9 m;Flame;Flareon's fluffy fur has a functional purpose—it releases heat into the air so that its body does not get excessively hot. This Pokémon's body temperature can rise to a maximum of 1,650 degrees Fahrenheit.;Eeve;Flash Fire;Flareon ;Ambos
0,8 m;Virtual;Porygon is capable of reverting itself entirely back to program data and entering cyberspace. This Pokémon is copy protected so it cannot be duplicated by copying.;;Trace, Download;Porygon ;Desconhecido
0,4 m;Spiral;Omanyte is one of the ancient and long-since-extinct Pokémon that have been regenerated from fossils by people. If attacked by an enemy, it withdraws itself inside its hard shell.;;Shell Armor, Swift Swin;Omanyte;Ambos
1,0 m;Spiral;Omastar uses its tentacles to capture its prey. It is believed to have become extinct because its shell grew too large and heavy, causing its movements to become too slow and ponderous.;Omanyte;Shell Armor, Swift Swin;Omastar;Ambos
0,5 m;Shellfish;Kabuto is a Pokémon that has been regenerated from a fossil. However, in extremely rare cases, living examples have been discovered. The Pokémon has not changed at all for 300 million years.;;Swift Swim, Battle Armor;Kabuto ;Ambos
1,7 m;Flame;Charizard flies around the sky in search of powerful opponents. It breathes fire of such great heat that it melts anything. However, it never turns its fiery breath on any opponent weaker than itself.;Charmeleon;Blaze;Charizard;Ambos
0,5 m;Tiny Turtle;Squirtle's shell is not merely used for protection. The shell's rounded shape and the grooves on its surface help minimize resistance in water, enabling this Pokémon to swim at high speeds.;;Torrent;Squirtle;Ambos
1,0 m;Turtle;Its tail is large and covered with a rich, thick fur. The tail becomes increasingly deeper in color as Wartortle ages. The scratches on its shell are evidence of this Pokémon's toughness as a battler.;Squirtle;Torrent;Wartortle;Ambos
1,6 m;Shellfish;Blastoise has water spouts that protrude from its shell. The water spouts are very accurate. They can shoot bullets of water with enough accuracy to strike empty cans from a distance of over 160 feet.;Wartortle;Torrent;Blastoise;Ambos
0,3 m;Worm;Caterpie has a voracious appetite. It can devour leaves bigger than its body right before your eyes. From its antenna, this Pokémon releases a terrifically strong odor.;;Shield Dust;Caterpie;Ambos
6,5 m;Atrocius;When Magikarp evolves into Gyarados, its brain cells undergo a structural transformation. It is said that this transformation is to blame for this Pokémon's wildly violent nature.;Magikarp;Intimidate;Gyarados;Ambos
2,5 m;Transport;People have driven Lapras almost to the point of extinction. In the evenings, this Pokémon is said to sing plaintively as it seeks what few others of its kind still remain.;;Water absorb, shell armor;Lapras;Ambos
0,3 m;Transform;Ditto rearranges its cell structure to transform itself into other shapes. However, if it tries to transform itself into something by relying on its memory, this Pokémon manages to get details wrong.;;Limber;Ditto;Desconhecido
0,3 m;Evolution;Eevee has an unstable genetic makeup that suddenly mutates due to the environment in which it lives. Radiation from various stones causes this Pokémon to evolve.;;Run away, Adaptability;Eeve;Ambos
1,0 m;Bubble Jet;Vaporeon underwent a spontaneous mutation and grew fins and gills that allow it to live underwater. This Pokémon has the ability to freely control water.;Eeve;Water absorb;Vaporeon;Ambos
1,8 m;Triple Bird;Watch out if Dodrio's three heads are looking in three separate directions. It's a sure sign that it is on its guard. Don't go near this Pokémon if it's being wary—it may decide to peck you.;Doduo;Run Away, Early Bird;Dodrio;Ambos
1,1 m;Sea Lion;Seel hunts for prey in the frigid sea underneath sheets of ice. When it needs to breathe, it punches a hole through the ice with the sharply protruding section of its head.;;Thick Fat, Hydration;Seel;Ambos
1,7 m;Sea Lion;Dewgong loves to snooze on bitterly cold ice. The sight of this Pokémon sleeping on a glacier was mistakenly thought to be a mermaid by a mariner long ago.;Seel;Thick Fat, Hydration;Dewgong;Ambos
0,9 m;Sludge;Grimer's sludgy and rubbery body can be forced through any opening, however small it may be. This Pokémon enters sewer pipes to drink filthy wastewater.;;Stench, Sticky Hold;Grimer;Ambos
1,2 m;Sludge;From Muk's body seeps a foul fluid that gives off a nose-bendingly horrible stench. Just one drop of this Pokémon's body fluid can turn a pool stagnant and rancid.;Grimer;Stench, Sticky Hold;Muk;Ambos
0,3 m;Bivalve;At night, this Pokémon uses its broad tongue to burrow a hole in the seafloor sand and then sleep in it. While it is sleeping, Shellder closes its shell, but leaves its tongue hanging out.;;Shell Armor, Skill Link;Shelder;Ambos
0,3 m;Tiny Bird;Spearow has a very loud cry that can be heard over half a mile away. If its high, keening cry is heard echoing all around, it is a sign that they are warning each other of danger.;;Keen Eye;Spearow;Ambos
1,2 m;Beak;Fearow is recognized by its long neck and elongated beak. They are conveniently shaped for catching prey in soil or water. It deftly moves its long and skinny beak to pluck prey.;Spearow;Keen Eye;Fearow;Ambos
2,0 m;Snake;Ekans curls itself up in a spiral while it rests. Assuming this position allows it to quickly respond to a threat from any direction with a glare from its upraised head.;;Shed Skin, Intimidate;Ekans;Ambos
3,5 m;Cobra;This Pokémon is terrifically strong in order to constrict things with its body. It can even flatten steel oil drums. Once Arbok wraps its body around its foe, escaping its crunching embrace is impossible.;Ekans;Shed Skin, Intimidate;Arbok;Ambos
0,4 m;Mouse;Whenever Pikachu comes across something new, it blasts it with a jolt of electricity. If you come across a blackened berry, it's evidence that this Pokémon mistook the intensity of its charge.;Pichu;Static;Pikachu;Ambos
0,7 m;Seed;Bulbasaur can be seen napping in bright sunlight. There is a seed on its back. By soaking up the sun's rays, the seed grows progressively larger.;;Overgrow;Bulbasaur;Ambos
1,0 m;Seed;here is a bud on this Pokémon's back. To support its weight, Ivysaur's legs and trunk grow thick and strong. If it starts spending more time lying in the sunlight, it's a sign that the bud will bloom into a large flower soon.;Bulbasaur;Overgrow;Ivysaur;Ambos
2,0 m;Seed;There is a large flower on Venusaur's back. The flower is said to take on vivid colors if it gets plenty of nutrition and sunlight. The flower's aroma soothes the emotions of people.;Ivysaur;Overgrow;Venusaur;Ambos
0,6 m;Lizard;The flame that burns at the tip of its tail is an indication of its emotions. The flame wavers when Charmander is enjoying itself. If the Pokémon becomes enraged, the flame burns fiercely.;;Blaze;Charmander;Ambos
1,1 m;Flame;Charmeleon mercilessly destroys its foes using its sharp claws. If it encounters a strong foe, it turns aggressive. In this excited state, the flame at the tip of its tail flares with a bluish white color.;Charmander;Blaze;Charmeleon;Ambos
2,2 m;Parent;If you come across a young Kangaskhan playing by itself, you must never disturb it or attempt to catch it. The baby Pokémon's parent is sure to be in the area, and it will become violently enraged at you.;;Early Bird, Scrappy;Kangaskhan;Ambos
0,4 m;Dragon;Horsea eats small insects and moss off of rocks. If the ocean current turns fast, this Pokémon anchors itself by wrapping its tail around rocks or coral to prevent being washed away;;Swift swim, Sniper;Horsea ;Ambos
1,2 m;Dragon;Seadra sleeps after wriggling itself between the branches of coral. Those trying to harvest coral are occasionally stung by this Pokémon's poison barbs if they fail to notice it.;Horsea;Poison point, sniper;Seadra ;Ambos
0,6 m;Goldfish;Goldeen is a very beautiful Pokémon with fins that billow elegantly in water. However, don't let your guard down around this Pokémon—it could ram you powerfully with its horn.;;Swift swim, Water veil;Goldeen;Ambos
1.3 m;Goldfish;In the autumn, Seaking males can be seen performing courtship dances in riverbeds to woo females. During this season, this Pokémon's body coloration is at its most beautiful.;Goldeen;Swift swim, Water veil;Seaking ;Ambos
1,0 m;Hypnosis;If your nose becomes itchy while you are sleeping, it's a sure sign that one of these Pokémon is standing above your pillow and trying to eat your dream through your nostrils.;;Insomnia, Forewarm;Drowzee;Ambos
1,6 m;Hypnosis;Hypno holds a pendulum in its hand. The arcing movement and glitter of the pendulum lull the foe into a deep state of hypnosis. While this Pokémon searches for prey, it polishes the pendulum.;Drowzee;Insomnia, Forewarm;Hypno;Ambos
0,4 m;River Crab;Krabby live on beaches, burrowed inside holes dug into the sand. On sandy beaches with little in the way of food, these Pokémon can be seen squabbling with each other over territory.;;Shell Armor, Hyper Cutter;Krabby;Ambos
1,3 m;Pincer;Kingler has an enormous, oversized claw. It waves this huge claw in the air to communicate with others. However, because the claw is so heavy, the Pokémon quickly tires.;Krabby;Shell Armor, Hyper Cutter;Kingler;Ambos
0,5 m;Ball;Voltorb was first sighted at a company that manufactures Poké Balls. The link between that sighting and the fact that this Pokémon looks very similar to a Poké Ball remains a mystery.;;Static, Soundproof;Voltorb;Desconhecido
1,0 m;Flycatcher;Weepinbell has a large hook on its rear end. At night, the Pokémon hooks on to a tree branch and goes to sleep. If it moves around in its sleep, it may wake up to find itself on the ground.;Bellsprout;Clorophyll;Weepinbell;Ambos
1,7 m;Flycatcher;Victreebel has a long vine that extends from its head. This vine is waved and flicked about as if it were an animal to attract prey. When an unsuspecting prey draws near, this Pokémon swallows it whole.;Weepinbell;Clorophyll;Victreebel;Ambos
0,9 m;Jellyfish;Tentacool's body is largely composed of water. If it is removed from the sea, it dries up like parchment. If this Pokémon happens to become dehydrated, put it back into the sea.;;Clear Body, Liquid Ooze;Tentacool;Ambos
1,6 m;Jellyfish;Tentacruel has large red orbs on its head. The orbs glow before lashing the vicinity with a harsh ultrasonic blast. This Pokémon's outburst creates rough waves around it.;Tentacool;Clear Body, Liquid Ooze;Tentacruel;Ambos
0,4 m;Rock;The longer a Geodude lives, the more its edges are chipped and worn away, making it more rounded in appearance. However, this Pokémon's heart will remain hard, craggy, and rough always.;;Rock Head, Sturdy;Geodude;Ambos
0,8 m;Star Shape;Staryu's center section has an organ called the core that shines bright red. If you go to a beach toward the end of summer, the glowing cores of these Pokémon look like the stars in the sky.;;Nature Cure, Iluminate;Staryu;Ambos
1,1 m;Mysterious;Starmie's center section—the core—glows brightly in seven colors. Because of its luminous nature, this Pokémon has been given the nickname “the gem of the sea.";Staryu;Nature Cure, Iluminate;Starmie;Ambos
1,3 m;Barrier;Mr. Mime is a master of pantomime. Its gestures and motions convince watchers that something unseeable actually exists. Once the watchers are convinced, the unseeable thing exists as if it were real.;;Soundproof, Filter;Mr. Mime;Ambos
1,5 m;Mantis;Scyther is blindingly fast. Its blazing speed enhances the effectiveness of the twin scythes on its forearms. This Pokémon's scythes are so effective, they can slice through thick logs in one wicked stroke.;;Swarm, Technician;Scyther;Ambos
1,4 m;Human Shape;Jynx walks rhythmically, swaying and shaking its hips as if it were dancing. Its motions are so bouncingly alluring, people seeing it are compelled to shake their hips without giving any thought to what they are doing.;;Oblivious, Forewarn;Jynx;Femea
